Violet,Alexander,2018-11-14 18:04:19,other,other,other
Jenna,Andrews,2018-07-30 14:34:51,audio_video_electronics,online_big,reseller
Jenna,Andrews,2018-09-11 19:25:49,home_decor,online_big,reseller
Jenna,Andrews,2018-07-30 20:30:31,car_accessories,online_big,reseller
Jenna,Andrews,2018-07-26 17:03:01,music_instruments,online_big,reseller
Jenna,Andrews,2018-08-17 14:41:00,party,online_medium,reseller
Jenna,Andrews,2018-07-13 21:58:39,computers,online_beginner,reseller
Kellan,Bennett,2018-10-31 19:17:57,home_decor,offline,reseller
Albert,Cameron,2018-01-22 13:22:05,books,online_small,manufacturer
Evelyn,Cameron,2018-05-08 20:17:59,car_accessories,industry,reseller
Evelyn,Cameron,2018-05-22 13:24:08,household_utilities,online_medium,reseller
Evelyn,Cameron,2018-04-10 19:21:54,food_drink,online_medium,manufacturer
Evelyn,Cameron,2018-04-13 12:27:48,computers,online_beginner,reseller
Evelyn,Cameron,2018-04-25 03:00:00,health_beauty,online_medium,reseller
Evelyn,Cameron,2018-06-05 17:20:34,audio_video_electronics,industry,reseller
Evelyn,Cameron,2018-04-27 16:11:57,health_beauty,online_medium,reseller
Evelyn,Cameron,2018-04-27 16:09:25,audio_video_electronics,online_medium,reseller
Evelyn,Cameron,2018-05-07 16:42:08,health_beauty,online_medium,reseller
Evelyn,Cameron,2018-05-31 21:44:18,car_accessories,online_medium,reseller
Evelyn,Cameron,2018-04-04 13:50:13,car_accessories,online_medium,reseller
Evelyn,Cameron,2018-04-27 03:00:00,jewerly,online_small,reseller
Evelyn,Cameron,2018-05-11 03:00:00,car_accessories,online_medium,reseller
Evelyn,Cameron,2018-06-29 20:16:50,household_utilities,online_beginner,reseller
Evelyn,Cameron,2018-04-27 14:07:20,audio_video_electronics,offline,reseller
Evelyn,Cameron,2018-06-04 13:55:12,food_drink,industry,manufacturer
Evelyn,Cameron,2018-03-28 22:45:45,household_utilities,online_medium,reseller
Evelyn,Cameron,2018-04-18 16:36:44,construction_tools_house_garden,online_medium,manufacturer
Evelyn,Cameron,2018-04-06 03:00:00,construction_tools_house_garden,online_medium,reseller
Evelyn,Cameron,2018-04-26 13:40:00,home_decor,online_big,manufacturer
Evelyn,Cameron,2018-11-01 11:47:50,fashion_accessories,industry,reseller
Evelyn,Cameron,2018-06-06 13:53:35,household_utilities,online_small,manufacturer
Evelyn,Cameron,2018-04-23 19:26:30,handcrafted,offline,
Evelyn,Cameron,2018-04-27 16:24:00,car_accessories,online_medium,reseller
Evelyn,Cameron,2018-04-16 16:58:06,construction_tools_house_garden,online_medium,manufacturer
Evelyn,Cameron,2018-03-26 21:56:43,home_decor,online_medium,manufacturer
Evelyn,Cameron,2018-05-21 21:21:21,health_beauty,online_big,reseller
Evelyn,Cameron,2018-04-09 12:26:37,household_utilities,online_big,reseller
Evelyn,Cameron,2018-07-12 19:56:39,food_drink,industry,manufacturer
Evelyn,Cameron,2018-04-06 16:27:35,religious,online_small,manufacturer
Evelyn,Cameron,2018-04-27 16:17:37,health_beauty,offline,reseller
Evelyn,Cameron,2018-03-27 14:48:01,health_beauty,online_beginner,reseller
Evelyn,Cameron,2018-04-11 17:08:35,car_accessories,online_big,reseller
Evelyn,Cameron,2018-05-02 13:39:20,music_instruments,online_small,reseller
Evelyn,Cameron,2018-04-17 13:14:51,health_beauty,online_medium,reseller
Evelyn,Cameron,2018-05-09 16:21:08,fashion_accessories,online_medium,manufacturer
Evelyn,Cameron,2018-04-04 18:42:57,bed_bath_table,online_medium,reseller
Evelyn,Cameron,2018-04-04 19:56:06,audio_video_electronics,online_medium,reseller
Evelyn,Cameron,2018-05-08 21:28:11,pet,online_medium,reseller
Evelyn,Cameron,2018-05-09 21:35:58,pet,online_top,manufacturer
Evelyn,Cameron,2018-05-08 17:42:04,household_utilities,online_medium,reseller
Evelyn,Cameron,2018-03-29 19:37:01,food_supplement,online_small,reseller
Roman,Chapman,2018-05-14 18:37:15,household_utilities,offline,reseller
Roman,Chapman,2018-09-10 14:18:01,stationery,industry,reseller
Roman,Chapman,2018-04-30 21:13:36,audio_video_electronics,online_small,reseller
Roman,Chapman,2018-06-15 19:49:16,household_utilities,,reseller
Roman,Chapman,2018-06-15 21:32:52,home_decor,online_medium,reseller
Roman,Chapman,2018-09-25 11:55:05,construction_tools_house_garden,offline,reseller
Roman,Chapman,2018-08-20 13:59:51,audio_video_electronics,online_beginner,reseller
Roman,Chapman,2018-04-27 14:11:20,household_utilities,offline,reseller
Roman,Chapman,2018-07-31 22:29:03,food_drink,online_beginner,manufacturer
Roman,Chapman,2018-06-01 16:45:27,household_utilities,offline,reseller
Roman,Chapman,2018-05-11 14:22:51,car_accessories,offline,reseller
Roman,Chapman,2018-06-11 12:36:11,food_drink,industry,manufacturer
Roman,Chapman,2018-04-25 18:28:42,home_decor,online_medium,reseller
Roman,Chapman,2018-05-23 13:57:13,health_beauty,online_beginner,reseller
Roman,Chapman,2018-04-18 19:26:35,car_accessories,offline,manufacturer
Roman,Chapman,2018-06-08 12:10:27,small_appliances,online_medium,reseller
Roman,Chapman,2018-10-01 12:31:26,watches,online_medium,reseller
Roman,Chapman,2018-09-03 03:00:00,household_utilities,offline,reseller
Roman,Chapman,2018-04-25 22:04:32,food_supplement,online_top,manufacturer
Roman,Chapman,2018-05-16 13:32:26,audio_video_electronics,online_small,reseller
Roman,Chapman,2018-05-04 03:00:00,home_decor,industry,manufacturer
Roman,Chapman,2018-05-09 16:52:06,home_decor,offline,manufacturer
Roman,Chapman,2018-08-30 22:34:38,car_accessories,online_small,reseller
Roman,Chapman,2018-07-18 18:48:13,health_beauty,online_big,manufacturer
Roman,Chapman,2018-05-22 12:44:38,books,online_beginner,manufacturer
Roman,Chapman,2018-04-20 16:29:28,phone_mobile,offline,
Roman,Chapman,2018-09-04 14:34:07,car_accessories,offline,reseller
Roman,Chapman,2018-05-08 20:14:11,sports_leisure,offline,manufacturer
Roman,Chapman,2018-08-20 17:50:56,pet,industry,reseller
Roman,Chapman,2018-05-17 17:22:45,construction_tools_house_garden,online_medium,reseller
Roman,Chapman,2018-08-17 19:29:47,watches,online_beginner,reseller
Roman,Chapman,2018-09-26 11:48:53,car_accessories,online_medium,reseller
Roman,Chapman,2018-04-20 19:42:05,home_decor,online_medium,reseller
Roman,Chapman,2018-05-16 15:05:26,stationery,online_medium,reseller
Roman,Chapman,2018-04-30 18:24:13,health_beauty,online_medium,reseller
Roman,Chapman,2018-07-06 17:10:17,audio_video_electronics,online_medium,reseller
Roman,Chapman,2018-06-08 12:15:38,bed_bath_table,online_medium,reseller
Roman,Chapman,2018-05-24 19:51:56,home_decor,online_beginner,reseller
Roman,Chapman,2018-05-14 14:24:45,car_accessories,offline,reseller
Roman,Chapman,2018-10-01 17:47:09,toys,online_medium,reseller
Roman,Chapman,2018-08-20 14:41:13,toys,online_small,manufacturer
Roman,Chapman,2018-05-30 03:00:00,fashion_accessories,online_beginner,reseller
Natalie,Clark,2018-04-16 13:09:09,health_beauty,online_small,reseller
Natalie,Clark,2018-02-27 20:04:12,pet,online_medium,manufacturer
Natalie,Clark,2018-03-12 13:21:11,jewerly,online_small,reseller
Natalie,Clark,2018-02-26 20:32:17,home_decor,online_small,reseller
Natalie,Clark,2018-02-26 20:02:10,home_decor,online_small,reseller
Natalie,Clark,2018-02-12 18:46:06,car_accessories,online_medium,reseller
Natalie,Clark,2018-03-28 22:37:52,baby,online_small,manufacturer
Natalie,Clark,2018-03-13 14:56:01,household_utilities,offline,reseller
Natalie,Clark,2018-04-06 17:56:04,sports_leisure,online_medium,reseller
Natalie,Clark,2018-03-19 03:00:00,audio_video_electronics,online_medium,reseller
Natalie,Clark,2018-02-19 17:26:54,household_utilities,online_medium,reseller
Natalie,Clark,2018-03-22 13:06:50,sports_leisure,online_big,reseller
Natalie,Clark,2018-03-29 16:29:14,construction_tools_house_garden,online_big,reseller
Natalie,Clark,2018-03-26 19:31:38,construction_tools_house_garden,offline,reseller
Natalie,Clark,2018-03-16 19:39:38,bed_bath_table,offline,reseller
Natalie,Clark,2018-02-28 19:15:15,audio_video_electronics,online_medium,reseller
Natalie,Clark,2018-03-19 20:04:46,audio_video_electronics,offline,reseller
Natalie,Clark,2018-02-27 19:13:04,pet,industry,reseller
Natalie,Clark,2018-03-05 20:54:03,food_supplement,online_medium,reseller
Natalie,Clark,2018-02-20 17:44:19,car_accessories,online_big,manufacturer
Natalie,Clark,2018-03-19 18:20:11,car_accessories,online_medium,reseller
Natalie,Clark,2018-03-01 17:44:43,pet,online_medium,reseller
Natalie,Clark,2018-03-05 12:52:26,construction_tools_house_garden,industry,reseller
Natalie,Clark,2018-03-28 03:00:00,bags_backpacks,online_medium,manufacturer
Natalie,Clark,2018-03-12 17:30:06,bed_bath_table,online_big,reseller
Natalie,Clark,2018-02-28 17:16:01,car_accessories,online_big,reseller
Natalie,Clark,2018-03-22 15:07:28,construction_tools_house_garden,online_big,reseller
Natalie,Clark,2018-03-09 12:49:20,music_instruments,online_medium,reseller
Natalie,Clark,2018-03-08 15:01:48,home_decor,online_small,manufacturer
Natalie,Clark,2018-04-12 12:35:49,sports_leisure,industry,reseller
Natalie,Clark,2018-03-26 12:07:20,construction_tools_house_garden,online_big,manufacturer
Natalie,Clark,2018-04-12 21:32:57,pet,offline,reseller
Natalie,Clark,2018-03-14 12:24:20,home_decor,online_medium,manufacturer
Natalie,Clark,2018-03-19 20:26:27,food_drink,online_medium,reseller
Natalie,Clark,2018-03-20 13:53:13,audio_video_electronics,online_medium,manufacturer
Natalie,Clark,2018-03-27 21:32:52,home_decor,online_medium,manufacturer
Natalie,Clark,2018-03-09 20:05:55,home_decor,offline,manufacturer
Natalie,Clark,2018-03-13 12:33:10,health_beauty,online_medium,reseller
Natalie,Clark,2018-03-26 16:07:32,construction_tools_house_garden,online_medium,reseller
Natalie,Clark,2018-03-13 21:39:34,health_beauty,online_medium,reseller
Natalie,Clark,2018-02-28 21:24:13,home_office_furniture,industry,manufacturer
Natalie,Clark,2018-03-29 13:49:44,handcrafted,offline,manufacturer
Natalie,Clark,2018-03-21 13:03:40,health_beauty,offline,manufacturer
Natalie,Clark,2018-02-26 13:02:58,construction_tools_house_garden,offline,reseller
Natalie,Clark,2018-03-14 17:31:31,handcrafted,online_small,manufacturer
Natalie,Clark,2018-04-02 13:03:24,home_decor,online_medium,manufacturer
Natalie,Clark,2018-03-15 20:31:54,health_beauty,offline,reseller
Natalie,Clark,2018-03-26 17:04:23,audio_video_electronics,online_medium,reseller
Natalie,Clark,2018-03-08 18:57:56,stationery,online_medium,reseller
Natalie,Clark,2018-04-11 12:24:58,household_utilities,online_medium,reseller
Natalie,Clark,2018-04-25 21:02:03,bed_bath_table,offline,reseller
Natalie,Clark,2018-03-07 12:25:54,construction_tools_house_garden,industry,reseller
Natalie,Clark,2018-03-07 19:17:31,small_appliances,online_small,manufacturer
Natalie,Clark,2018-03-23 21:07:18,gifts,online_medium,reseller
Natalie,Clark,2018-03-13 20:12:45,sports_leisure,online_big,reseller
Lyndon,Craig,2018-10-31 16:54:59,computers,online_medium,reseller
Lyndon,Craig,2018-08-28 17:09:31,construction_tools_house_garden,online_beginner,reseller
Lyndon,Craig,2018-09-21 18:49:49,audio_video_electronics,online_medium,reseller
Lyndon,Craig,2018-08-07 19:47:27,stationery,industry,reseller
Lyndon,Craig,2018-08-23 12:46:40,health_beauty,online_medium,reseller
Lyndon,Craig,2018-08-08 16:22:31,audio_video_electronics,online_medium,reseller
Lyndon,Craig,2018-10-01 12:27:47,health_beauty,online_small,reseller
Lyndon,Craig,2018-11-01 15:36:16,perfume,online_medium,reseller
Lyndon,Craig,2018-09-24 20:45:42,phone_mobile,online_big,reseller
Lyndon,Craig,2018-10-29 16:54:59,toys,online_medium,reseller
Lyndon,Craig,2018-07-17 17:02:36,handcrafted,online_small,manufacturer
Lyndon,Craig,2018-08-30 12:32:15,computers,online_big,reseller
Lyndon,Craig,2018-07-17 20:12:39,car_accessories,online_medium,reseller
Frederick,Edwards,2018-04-10 03:00:00,sports_leisure,online_medium,reseller
Frederick,Edwards,2018-02-12 13:18:13,home_decor,industry,manufacturer
Frederick,Edwards,2018-04-27 14:01:33,fashion_accessories,online_beginner,manufacturer
Frederick,Edwards,2018-01-12 16:07:27,home_decor,online_medium,reseller
Frederick,Edwards,2018-01-19 16:51:28,pet,online_top,reseller
Frederick,Edwards,2018-04-03 18:56:08,construction_tools_house_garden,industry,reseller
Frederick,Edwards,2018-01-30 16:30:17,home_decor,online_medium,manufacturer
Frederick,Edwards,2018-03-14 12:18:20,audio_video_electronics,online_big,reseller
Frederick,Edwards,2018-04-30 20:23:10,pet,online_medium,reseller
Frederick,Edwards,2018-02-15 16:06:31,household_utilities,online_medium,reseller
Frederick,Edwards,2018-01-08 19:14:47,health_beauty,online_medium,manufacturer
Frederick,Edwards,2018-02-07 13:40:14,health_beauty,online_medium,reseller
Frederick,Edwards,2018-03-22 21:20:42,construction_tools_house_garden,industry,reseller
Frederick,Edwards,2018-04-10 18:20:00,household_utilities,online_top,reseller
Frederick,Edwards,2018-01-31 16:18:47,watches,online_top,reseller
Frederick,Edwards,2018-02-02 13:08:11,health_beauty,online_big,manufacturer
Frederick,Edwards,2018-01-11 17:16:48,sports_leisure,online_medium,reseller
Frederick,Edwards,2018-01-15 17:14:00,home_decor,online_medium,manufacturer
Frederick,Edwards,2018-04-20 19:29:22,car_accessories,industry,reseller
Frederick,Edwards,2018-04-19 14:13:04,stationery,online_medium,manufacturer
Frederick,Edwards,2018-04-28 03:00:00,home_appliances,online_top,reseller
Frederick,Edwards,2018-03-27 03:00:00,audio_video_electronics,online_medium,reseller
Frederick,Edwards,2018-02-06 02:00:00,car_accessories,online_medium,reseller
Frederick,Edwards,2018-01-16 02:00:00,home_decor,online_big,reseller
Frederick,Edwards,2018-04-30 16:01:35,home_decor,online_big,reseller
Frederick,Edwards,2018-02-28 22:17:25,toys,online_beginner,reseller
Frederick,Edwards,2018-04-24 14:04:51,car_accessories,online_medium,reseller
Frederick,Edwards,2018-04-19 18:10:32,toys,online_medium,manufacturer
Frederick,Edwards,2018-04-04 17:31:09,bags_backpacks,online_medium,reseller
Frederick,Edwards,2018-04-11 15:15:51,home_decor,online_medium,manufacturer
Frederick,Edwards,2018-03-13 17:16:23,household_utilities,offline,reseller
Frederick,Edwards,2018-02-15 17:22:47,construction_tools_house_garden,online_medium,reseller
Frederick,Edwards,2018-03-29 18:12:58,construction_tools_house_garden,online_medium,manufacturer
Frederick,Edwards,2018-03-09 20:12:38,bed_bath_table,online_medium,reseller
Frederick,Edwards,2018-09-14 14:43:50,audio_video_electronics,online_medium,reseller
Frederick,Edwards,2018-04-16 18:25:12,toys,online_small,reseller
Frederick,Edwards,2018-01-30 11:42:01,home_decor,online_medium,manufacturer
Frederick,Edwards,2018-05-21 19:55:20,household_utilities,industry,manufacturer
Frederick,Edwards,2018-03-29 18:06:54,sports_leisure,online_medium,reseller
Frederick,Edwards,2018-02-28 03:00:00,audio_video_electronics,online_big,manufacturer
Frederick,Edwards,2018-02-27 12:23:13,handcrafted,online_big,reseller
Frederick,Edwards,2018-04-19 17:11:18,baby,online_medium,manufacturer
Frederick,Edwards,2018-05-04 03:00:00,home_decor,online_beginner,reseller
Frederick,Edwards,2018-01-18 11:22:24,pet,,reseller
Frederick,Edwards,2018-02-02 16:44:11,audio_video_electronics,,reseller
Frederick,Edwards,2018-02-23 12:03:59,food_supplement,online_medium,reseller
Frederick,Edwards,2018-04-09 21:04:41,audio_video_electronics,online_medium,reseller
Frederick,Edwards,2018-04-10 19:17:03,health_beauty,online_small,reseller
Frederick,Edwards,2018-03-06 11:29:22,audio_video_electronics,online_beginner,reseller
Frederick,Edwards,2018-03-27 17:57:49,jewerly,online_medium,reseller
Frederick,Edwards,2018-03-29 17:45:03,phone_mobile,industry,reseller
Frederick,Edwards,2018-02-26 14:46:28,sports_leisure,online_medium,
Frederick,Edwards,2018-03-14 16:52:04,pet,online_medium,reseller
Frederick,Edwards,2018-03-14 19:43:52,home_decor,online_top,manufacturer
Frederick,Edwards,2018-04-23 21:07:06,audio_video_electronics,online_medium,reseller
Frederick,Edwards,2018-02-19 19:49:04,bed_bath_table,online_medium,manufacturer
Frederick,Edwards,2018-04-13 03:00:00,watches,online_medium,reseller
Frederick,Edwards,2018-05-21 17:41:31,health_beauty,online_medium,reseller
Frederick,Edwards,2018-05-15 13:29:59,car_accessories,online_medium,reseller
Frederick,Edwards,2018-04-27 20:10:02,audio_video_electronics,online_small,reseller
Frederick,Edwards,2018-02-20 19:40:05,baby,online_medium,reseller
Frederick,Edwards,2018-04-06 19:42:14,bags_backpacks,online_medium,reseller
Frederick,Edwards,2018-02-08 13:13:35,health_beauty,online_medium,manufacturer
Frederick,Edwards,2018-03-07 19:23:35,computers,online_medium,reseller
Frederick,Edwards,2018-01-19 19:29:55,bags_backpacks,online_medium,reseller
Frederick,Edwards,2018-01-29 15:09:03,health_beauty,online_medium,reseller
Frederick,Edwards,2018-04-13 17:03:29,home_decor,online_medium,manufacturer
Frederick,Edwards,2018-03-09 17:59:38,construction_tools_house_garden,online_medium,reseller
Frederick,Edwards,2018-04-20 17:53:11,health_beauty,industry,reseller
Frederick,Edwards,2018-01-19 11:26:39,health_beauty,online_medium,reseller
Frederick,Edwards,2018-02-28 17:16:15,sports_leisure,online_big,reseller
Frederick,Edwards,2018-03-12 18:45:13,handcrafted,online_medium,manufacturer
Frederick,Edwards,2018-03-27 13:27:01,construction_tools_house_garden,industry,manufacturer
Frederick,Edwards,2018-02-22 16:22:07,food_drink,offline,reseller
Frederick,Edwards,2018-01-24 12:27:42,fashion_accessories,online_medium,reseller
Frederick,Edwards,2018-10-30 11:54:22,construction_tools_house_garden,online_big,manufacturer
Frederick,Edwards,2018-04-17 17:18:09,car_accessories,online_medium,reseller
Frederick,Edwards,2018-02-15 11:27:17,household_utilities,online_beginner,reseller
Frederick,Edwards,2018-04-06 20:40:05,household_utilities,online_medium,reseller
Frederick,Edwards,2018-03-01 21:03:12,food_drink,industry,manufacturer
Frederick,Edwards,2018-03-06 15:52:23,pet,online_beginner,reseller
Dexter,Elliott,2018-04-18 18:02:08,party,online_medium,manufacturer
Dexter,Elliott,2018-06-11 12:40:42,health_beauty,online_medium,reseller
Dexter,Elliott,2018-04-20 03:00:00,home_appliances,online_medium,reseller
Dexter,Elliott,2018-04-17 19:12:16,books,online_big,reseller
Dexter,Elliott,2018-04-13 20:38:20,food_drink,online_medium,reseller
Dexter,Elliott,2018-09-17 12:03:18,car_accessories,offline,reseller
Dexter,Elliott,2018-04-18 20:16:19,sports_leisure,online_medium,reseller
Dexter,Elliott,2018-08-10 13:01:03,audio_video_electronics,online_medium,reseller
Dexter,Elliott,2018-05-21 20:28:33,car_accessories,online_big,reseller
Dexter,Elliott,2018-08-30 22:00:23,home_decor,industry,manufacturer
Dexter,Elliott,2018-04-11 16:05:14,pet,online_big,manufacturer
Dexter,Elliott,2018-05-21 17:29:17,health_beauty,industry,
Dexter,Elliott,2018-10-25 17:16:36,music_instruments,online_beginner,manufacturer
Dexter,Elliott,2018-06-07 13:59:42,pet,online_medium,reseller
Dexter,Elliott,2018-04-11 22:21:15,fashion_accessories,online_beginner,reseller
Dexter,Elliott,2018-05-25 22:37:08,sports_leisure,online_big,reseller
Dexter,Elliott,2018-04-20 20:48:35,fashion_accessories,online_big,reseller
Dexter,Elliott,2018-08-15 19:09:36,handcrafted,online_medium,manufacturer
Dexter,Elliott,2018-05-30 17:49:58,car_accessories,online_big,reseller
Dexter,Elliott,2018-05-08 17:48:59,health_beauty,industry,manufacturer
Dexter,Elliott,2018-06-27 15:12:26,bags_backpacks,industry,manufacturer
Dexter,Elliott,2018-05-17 12:42:15,home_decor,online_medium,manufacturer
Dexter,Elliott,2018-04-10 19:34:27,audio_video_electronics,online_medium,reseller
Dexter,Elliott,2018-10-24 11:33:31,books,online_medium,reseller
Dexter,Elliott,2018-06-21 12:39:59,bags_backpacks,offline,reseller
Dexter,Elliott,2018-05-02 17:22:49,car_accessories,online_medium,reseller
Dexter,Elliott,2018-08-22 13:14:44,health_beauty,online_medium,reseller
Dexter,Elliott,2018-04-13 18:12:32,audio_video_electronics,online_medium,reseller
Dexter,Elliott,2018-05-15 20:34:06,construction_tools_house_garden,online_medium,reseller
Dexter,Elliott,2018-04-30 03:00:00,car_accessories,industry,manufacturer
Dexter,Elliott,2018-04-10 14:05:56,audio_video_electronics,online_big,reseller
Dexter,Elliott,2018-04-10 22:03:57,household_utilities,online_medium,reseller
Dexter,Elliott,2018-04-18 19:05:58,phone_mobile,offline,reseller
Dexter,Elliott,2018-07-02 17:20:22,health_beauty,online_medium,reseller
Dexter,Elliott,2018-07-24 19:56:07,home_decor,online_big,reseller
Dexter,Elliott,2018-09-05 14:32:37,food_supplement,online_medium,reseller
Dexter,Elliott,2018-04-30 21:23:41,audio_video_electronics,online_medium,reseller
Dexter,Elliott,2018-04-20 20:24:22,food_supplement,industry,manufacturer
Dexter,Elliott,2018-04-10 18:37:30,baby,online_big,reseller
Dexter,Elliott,2018-05-31 21:24:31,home_appliances,online_medium,reseller
Dexter,Elliott,2018-05-30 16:15:12,fashion_accessories,online_beginner,manufacturer
Dexter,Elliott,2018-04-13 20:51:13,home_decor,online_big,manufacturer
Dexter,Elliott,2018-07-26 16:15:33,car_accessories,online_medium,reseller
Dexter,Elliott,2018-07-30 14:02:01,home_decor,online_beginner,manufacturer
Dexter,Elliott,2018-06-29 17:54:16,home_decor,online_medium,reseller
Dexter,Elliott,2018-09-10 20:48:01,health_beauty,online_medium,reseller
Dexter,Elliott,2018-04-06 16:52:50,audio_video_electronics,online_medium,reseller
Dexter,Elliott,2018-05-07 21:49:28,computers,,reseller
Dexter,Elliott,2018-04-20 12:27:44,health_beauty,online_medium,reseller
Dexter,Elliott,2018-09-27 18:58:41,construction_tools_house_garden,online_big,reseller
Dexter,Elliott,2018-06-06 20:15:26,computers,online_medium,reseller
Tiana,Ferguson,2018-02-26 19:58:54,pet,online_medium,reseller
Tiana,Ferguson,2018-03-06 12:25:29,food_drink,online_medium,manufacturer
Tiana,Ferguson,2018-04-26 03:00:00,construction_tools_house_garden,online_medium,manufacturer
Tiana,Ferguson,2018-02-27 19:19:47,home_office_furniture,offline,manufacturer
Tiana,Ferguson,2018-04-03 03:00:00,car_accessories,online_big,reseller
Tiana,Ferguson,2018-04-27 20:44:40,pet,online_small,reseller
Tiana,Ferguson,2018-04-03 17:19:55,home_decor,online_medium,manufacturer
Tiana,Ferguson,2018-03-16 14:17:34,car_accessories,online_medium,reseller
Tiana,Ferguson,2018-04-05 15:06:11,home_decor,online_medium,reseller
Tiana,Ferguson,2018-04-30 13:06:43,audio_video_electronics,industry,reseller
Tiana,Ferguson,2018-03-28 16:11:25,sports_leisure,online_medium,manufacturer
Tiana,Ferguson,2018-04-27 13:55:14,home_decor,online_big,reseller
Tiana,Ferguson,2018-04-20 19:04:20,construction_tools_house_garden,online_medium,reseller
Tiana,Ferguson,2018-02-28 03:00:00,car_accessories,online_beginner,reseller
Tiana,Ferguson,2018-04-26 20:04:29,sports_leisure,online_small,manufacturer
Tiana,Ferguson,2018-04-13 13:41:51,construction_tools_house_garden,online_big,reseller
Tiana,Ferguson,2018-04-05 19:05:16,handcrafted,online_medium,reseller
Tiana,Ferguson,2018-04-17 14:51:42,home_decor,online_small,reseller
Tiana,Ferguson,2018-03-19 18:58:47,household_utilities,online_big,reseller
Tiana,Ferguson,2018-04-27 14:04:06,fashion_accessories,online_medium,
Tiana,Ferguson,2018-05-14 19:26:01,computers,offline,reseller
Tiana,Ferguson,2018-03-07 14:24:51,construction_tools_house_garden,online_medium,manufacturer
Tiana,Ferguson,2018-04-06 14:15:21,food_supplement,online_top,reseller
Tiana,Ferguson,2018-04-14 03:00:00,household_utilities,industry,manufacturer
Tiana,Ferguson,2018-04-25 21:44:40,construction_tools_house_garden,online_small,reseller
Tiana,Ferguson,2018-03-15 15:12:53,pet,online_big,reseller
Tiana,Ferguson,2018-04-24 17:05:08,household_utilities,online_medium,manufacturer
Tiana,Ferguson,2018-03-07 03:00:00,home_office_furniture,online_beginner,reseller
Tiana,Ferguson,2018-03-08 03:00:00,home_decor,online_big,reseller
Tiana,Ferguson,2018-04-25 16:22:26,gifts,online_beginner,reseller
Tiana,Ferguson,2018-04-18 14:08:11,health_beauty,online_medium,manufacturer
Tiana,Ferguson,2018-03-07 13:56:43,bags_backpacks,online_medium,reseller
Tiana,Ferguson,2018-03-09 03:00:00,home_decor,online_medium,reseller
Tiana,Ferguson,2018-04-23 20:40:04,car_accessories,online_medium,reseller
Tiana,Ferguson,2018-04-24 03:00:00,home_decor,industry,manufacturer
Tiana,Ferguson,2018-03-15 21:09:42,health_beauty,online_medium,reseller
Tiana,Ferguson,2018-04-12 14:02:51,construction_tools_house_garden,online_medium,reseller
Tiana,Ferguson,2018-04-11 13:39:02,construction_tools_house_garden,online_small,reseller
Tiana,Ferguson,2018-04-23 13:23:55,stationery,offline,reseller
Tiana,Ferguson,2018-07-20 20:30:20,handcrafted,offline,manufacturer
Tiana,Ferguson,2018-07-13 11:53:00,gifts,online_medium,reseller
Tiana,Ferguson,2018-04-13 03:00:00,stationery,offline,reseller
Tiana,Ferguson,2018-05-14 12:26:01,construction_tools_house_garden,industry,manufacturer
Tiana,Ferguson,2018-04-05 18:45:56,home_office_furniture,industry,manufacturer
Tiana,Ferguson,2018-04-05 15:11:12,car_accessories,online_medium,manufacturer
Tiana,Ferguson,2018-04-16 12:26:39,phone_mobile,online_medium,reseller
Tiana,Ferguson,2018-04-10 18:22:26,home_decor,online_beginner,manufacturer
Tiana,Ferguson,2018-03-22 13:02:12,health_beauty,online_beginner,manufacturer
Tiana,Ferguson,2018-04-18 16:43:53,health_beauty,offline,reseller
Tiana,Ferguson,2018-03-28 13:21:21,home_decor,online_big,reseller
Tiana,Ferguson,2018-04-13 03:00:00,car_accessories,industry,manufacturer
Tiana,Ferguson,2018-03-06 19:38:55,health_beauty,online_big,reseller
Tiana,Ferguson,2018-05-04 03:00:00,home_decor,online_medium,reseller
Tiana,Ferguson,2018-06-19 12:36:05,car_accessories,online_big,reseller
Tiana,Ferguson,2018-04-20 12:20:34,sports_leisure,online_medium,reseller
Tiana,Ferguson,2018-04-23 20:19:56,household_utilities,online_medium,manufacturer
Tiana,Ferguson,2018-03-02 13:54:02,home_decor,online_medium,reseller
Tiana,Ferguson,2018-04-24 03:00:00,household_utilities,online_beginner,reseller
Tiana,Ferguson,2018-03-28 22:42:55,household_utilities,online_medium,reseller
Stuart,Grant,2018-09-27 12:31:01,health_beauty,online_medium,reseller
Stuart,Grant,2018-08-23 21:56:01,home_decor,online_small,manufacturer
Valeria,Grant,2018-11-12 19:17:25,other,other,other
Dexter,Hall,2018-04-17 17:01:57,health_beauty,offline,manufacturer
Dexter,Hall,2018-05-30 14:43:50,pet,industry,manufacturer
Dexter,Hall,2018-06-18 13:58:00,audio_video_electronics,offline,reseller
Dexter,Hall,2018-06-11 12:04:11,food_supplement,online_beginner,reseller
Dexter,Hall,2018-04-13 12:50:35,bags_backpacks,industry,manufacturer
Dexter,Hall,2018-04-23 14:31:35,car_accessories,online_big,reseller
Dexter,Hall,2018-04-27 21:08:34,computers,online_beginner,reseller
Dexter,Hall,2018-05-03 03:00:00,bed_bath_table,online_big,reseller
Dexter,Hall,2018-05-15 18:16:40,home_decor,industry,reseller
Dexter,Hall,2018-06-26 12:51:19,audio_video_electronics,online_big,reseller
Dexter,Hall,2018-06-18 13:51:38,food_supplement,offline,reseller
Dexter,Hall,2018-05-16 17:48:30,health_beauty,online_small,reseller
Dexter,Hall,2018-05-10 20:10:08,household_utilities,offline,reseller
Dexter,Hall,2018-05-30 22:29:56,household_utilities,offline,reseller
Dexter,Hall,2018-05-11 12:46:58,bed_bath_table,online_big,reseller
Dexter,Hall,2018-04-24 14:19:33,home_decor,online_small,manufacturer
Dexter,Hall,2018-08-24 03:00:00,sports_leisure,online_small,reseller
Dexter,Hall,2018-05-24 16:11:06,health_beauty,online_big,reseller
Dexter,Hall,2018-05-17 12:09:33,car_accessories,online_big,reseller
Dexter,Hall,2018-04-20 12:18:30,food_supplement,offline,reseller
Dexter,Hall,2018-05-14 19:17:03,food_drink,industry,manufacturer
Dexter,Hall,2018-04-20 03:00:00,toys,industry,manufacturer
Dexter,Hall,2018-05-18 20:27:46,home_decor,online_small,reseller
Dexter,Hall,2018-05-15 21:17:04,computers,online_big,reseller
Dexter,Hall,2018-05-24 16:47:23,home_decor,online_beginner,reseller
Dexter,Hall,2018-05-14 20:15:57,bags_backpacks,online_big,reseller
Dexter,Hall,2018-05-02 17:29:18,computers,offline,reseller
Dexter,Hall,2018-04-20 20:11:23,household_utilities,online_big,reseller
Dexter,Hall,2018-06-19 21:04:53,fashion_accessories,offline,reseller
Dexter,Hall,2018-05-14 13:36:50,bags_backpacks,online_medium,reseller
Dexter,Hall,2018-04-30 18:30:12,baby,online_beginner,manufacturer
Dexter,Hall,2018-10-05 12:35:50,fashion_accessories,online_small,manufacturer
Dexter,Hall,2018-06-05 18:00:37,pet,industry,manufacturer
Dexter,Hall,2018-05-09 13:17:12,health_beauty,offline,reseller
Dexter,Hall,2018-05-18 17:17:42,home_decor,offline,reseller
Dexter,Hall,2018-06-29 18:28:26,audio_video_electronics,offline,reseller
Dexter,Hall,2018-05-21 20:17:38,sports_leisure,offline,manufacturer
Dexter,Hall,2018-04-13 14:30:12,toys,online_medium,reseller
Dexter,Hall,2018-06-28 12:33:50,bags_backpacks,offline,manufacturer
Dexter,Hall,2018-04-24 20:54:30,car_accessories,online_big,reseller
Dexter,Hall,2018-05-22 12:54:36,food_supplement,industry,manufacturer
Adrian,Harrison,2018-11-09 20:06:38,other,other,other
Albert,Harrison,2018-11-06 19:41:39,household_utilities,online_medium,reseller
Adrian,Holmes,2018-07-31 13:29:15,audio_video_electronics,online_medium,reseller
Adrian,Holmes,2018-07-13 17:38:49,pet,online_beginner,reseller
Adrian,Holmes,2018-08-17 03:00:00,audio_video_electronics,online_medium,reseller
Audrey,Johnston,2018-04-30 20:47:07,construction_tools_house_garden,online_medium,reseller
Audrey,Johnston,2018-03-13 15:51:54,home_decor,online_medium,manufacturer
Grace,Johnston,2018-02-07 18:04:05,health_beauty,online_medium,manufacturer
Grace,Johnston,2018-02-28 19:42:14,construction_tools_house_garden,online_medium,reseller
Grace,Johnston,2018-02-22 12:40:15,jewerly,online_medium,manufacturer
Grace,Johnston,2018-02-08 20:57:44,pet,online_small,reseller
Grace,Johnston,2018-02-22 13:18:26,food_drink,industry,manufacturer
Grace,Johnston,2018-09-04 14:15:04,toys,online_big,reseller
Grace,Johnston,2018-01-23 17:58:30,car_accessories,industry,reseller
Grace,Johnston,2018-03-20 14:01:49,health_beauty,online_small,reseller
Grace,Johnston,2018-01-19 17:23:06,construction_tools_house_garden,online_medium,manufacturer
Grace,Johnston,2018-05-15 19:03:42,audio_video_electronics,industry,reseller
Grace,Johnston,2018-01-12 02:00:00,home_decor,online_medium,manufacturer
Grace,Johnston,2018-02-08 19:03:20,fashion_accessories,industry,reseller
Grace,Johnston,2018-01-29 20:43:42,toys,industry,manufacturer
Grace,Johnston,2018-01-30 18:06:36,audio_video_electronics,online_medium,reseller
Grace,Johnston,2018-01-18 02:00:00,health_beauty,online_medium,reseller
Grace,Johnston,2018-01-22 17:43:36,stationery,industry,reseller
Grace,Johnston,2018-01-10 19:40:52,food_drink,offline,reseller
Grace,Johnston,2018-02-16 20:09:12,computers,online_medium,reseller
Grace,Johnston,2018-03-15 19:10:24,jewerly,industry,reseller
Grace,Johnston,2018-02-02 13:10:58,home_decor,online_big,reseller
Grace,Johnston,2018-02-27 13:54:11,car_accessories,online_medium,reseller
Grace,Johnston,2018-02-07 15:45:25,home_decor,online_small,reseller
Grace,Johnston,2018-01-22 15:28:51,household_utilities,online_small,reseller
Grace,Johnston,2018-02-14 17:11:22,food_drink,industry,manufacturer
Grace,Johnston,2018-01-29 02:00:00,home_decor,industry,reseller
Grace,Johnston,2018-01-31 20:47:51,home_office_furniture,industry,manufacturer
Grace,Johnston,2018-01-17 12:11:20,bed_bath_table,industry,manufacturer
Grace,Johnston,2018-03-06 18:14:08,health_beauty,online_big,reseller
Grace,Johnston,2018-01-22 19:14:25,stationery,online_big,reseller
Grace,Johnston,2018-02-06 13:55:36,car_accessories,online_beginner,reseller
Grace,Johnston,2018-01-29 12:10:19,health_beauty,industry,manufacturer
Grace,Johnston,2018-02-26 14:44:04,home_decor,industry,
Grace,Johnston,2018-02-05 12:51:36,books,online_medium,reseller
Grace,Johnston,2018-02-01 17:10:20,pet,online_medium,reseller
Stuart,Johnston,2018-10-30 18:21:05,household_utilities,online_big,reseller
Jessica,Kelly,2018-10-24 19:33:34,construction_tools_house_garden,industry,manufacturer
Jessica,Kelly,2018-09-11 13:14:37,construction_tools_house_garden,online_small,reseller
Jessica,Kelly,2018-10-18 16:27:51,home_decor,online_beginner,manufacturer
Caroline,Lloyd,2018-06-25 19:33:44,music_instruments,industry,reseller
Caroline,Lloyd,2018-05-14 16:06:59,books,online_big,reseller
Caroline,Lloyd,2018-04-24 03:00:00,home_office_furniture,online_beginner,reseller
Caroline,Lloyd,2018-06-20 18:31:06,audio_video_electronics,industry,reseller
Caroline,Lloyd,2018-05-22 21:25:39,household_utilities,industry,reseller
Caroline,Lloyd,2018-06-20 18:32:56,sports_leisure,online_medium,reseller
Caroline,Lloyd,2018-08-10 16:46:39,audio_video_electronics,online_beginner,reseller
Caroline,Lloyd,2018-04-27 13:27:25,food_supplement,online_small,reseller
Caroline,Lloyd,2018-04-20 14:26:36,sports_leisure,online_medium,reseller
Caroline,Lloyd,2018-06-12 19:54:25,car_accessories,industry,reseller
Caroline,Lloyd,2018-05-04 03:00:00,food_drink,online_small,manufacturer
Caroline,Lloyd,2018-05-30 13:34:09,health_beauty,industry,reseller
Caroline,Lloyd,2018-06-04 12:47:47,computers,online_medium,reseller
Caroline,Lloyd,2018-07-20 18:18:14,computers,online_medium,reseller
Caroline,Lloyd,2018-07-09 12:54:57,health_beauty,online_medium,manufacturer
Caroline,Lloyd,2018-10-08 17:22:23,home_decor,online_medium,reseller
Caroline,Lloyd,2018-07-13 19:46:12,jewerly,offline,reseller
Caroline,Lloyd,2018-05-11 16:16:13,health_beauty,online_small,manufacturer
Caroline,Lloyd,2018-10-26 17:06:53,audio_video_electronics,online_medium,manufacturer
Caroline,Lloyd,2018-04-30 20:57:42,gifts,online_medium,reseller
Caroline,Lloyd,2018-04-24 20:43:12,stationery,industry,manufacturer
Caroline,Lloyd,2018-05-15 17:20:12,construction_tools_house_garden,offline,reseller
Caroline,Lloyd,2018-08-07 17:17:28,household_utilities,online_medium,reseller
Caroline,Lloyd,2018-06-01 02:32:00,home_decor,online_big,manufacturer
Caroline,Lloyd,2018-05-04 03:00:00,sports_leisure,online_small,reseller
Daryl,Moore,2018-06-05 17:27:23,home_appliances,online_big,reseller
Daryl,Moore,2018-06-19 14:08:22,health_beauty,online_top,reseller
Daryl,Moore,2018-04-27 21:38:40,health_beauty,online_medium,reseller
Daryl,Moore,2018-05-10 19:07:39,car_accessories,online_medium,reseller
Daryl,Moore,2018-05-18 12:47:49,party,offline,manufacturer
Daryl,Moore,2018-07-18 20:24:28,construction_tools_house_garden,industry,manufacturer
Daryl,Moore,2018-06-25 18:42:15,construction_tools_house_garden,online_big,reseller
Daryl,Moore,2018-05-25 16:36:57,food_supplement,online_small,manufacturer
Daryl,Moore,2018-07-31 20:01:32,audio_video_electronics,online_small,reseller
Daryl,Moore,2018-05-14 19:41:58,construction_tools_house_garden,online_big,reseller
Daryl,Moore,2018-08-02 17:32:16,small_appliances,online_big,reseller
Daryl,Moore,2018-08-14 13:56:57,perfume,online_medium,reseller
Daryl,Moore,2018-05-11 20:38:50,household_utilities,online_medium,reseller
Daryl,Moore,2018-08-28 21:30:52,food_drink,industry,reseller
Daryl,Moore,2018-05-11 21:26:07,computers,online_big,reseller
Daryl,Moore,2018-08-08 21:14:25,home_decor,,reseller
Daryl,Moore,2018-05-14 13:25:24,toys,offline,reseller
Daryl,Moore,2018-05-04 03:00:00,car_accessories,online_medium,manufacturer
Daryl,Moore,2018-06-07 14:21:17,games_consoles,online_medium,reseller
Daryl,Moore,2018-10-29 14:54:02,household_utilities,industry,manufacturer
Daryl,Moore,2018-05-16 20:25:19,health_beauty,online_beginner,manufacturer
Daryl,Moore,2018-06-11 21:01:55,health_beauty,online_big,reseller
Daryl,Moore,2018-07-09 18:00:57,car_accessories,online_big,reseller
Daryl,Moore,2018-07-09 14:53:03,home_decor,industry,manufacturer
Daryl,Moore,2018-07-19 21:17:47,health_beauty,industry,manufacturer
Adam,Morgan,2018-09-21 18:18:15,bed_bath_table,online_medium,reseller
Adam,Morgan,2018-10-10 01:15:56,construction_tools_house_garden,online_medium,reseller
Adam,Morgan,2018-07-02 13:40:15,home_decor,industry,manufacturer
Adam,Morgan,2018-10-10 16:35:47,fashion_accessories,offline,manufacturer
Adam,Morgan,2018-10-02 21:25:39,car_accessories,online_medium,reseller
Adam,Morgan,2018-09-20 17:13:05,food_drink,offline,reseller
Adam,Morgan,2018-08-07 12:21:06,home_decor,online_medium,manufacturer
Adam,Morgan,2018-08-01 20:22:31,home_decor,offline,reseller
Daisy,Morgan,2017-12-05 02:00:00,computers,offline,reseller
Grace,Morgan,2018-02-23 13:54:40,construction_tools_house_garden,online_big,reseller
Grace,Morgan,2018-01-26 17:23:46,food_supplement,industry,manufacturer
Grace,Morgan,2018-02-09 15:35:51,household_utilities,online_small,reseller
Grace,Morgan,2018-01-18 11:09:00,food_drink,industry,reseller
Grace,Morgan,2018-04-26 16:05:43,computers,online_beginner,reseller
Grace,Morgan,2018-02-15 17:38:42,household_utilities,online_big,manufacturer
Grace,Morgan,2018-03-05 18:43:20,home_decor,online_beginner,manufacturer
Grace,Morgan,2018-01-29 17:13:49,home_decor,online_big,reseller
Grace,Morgan,2018-01-31 02:00:00,car_accessories,industry,reseller
Grace,Morgan,2018-02-22 13:16:06,construction_tools_house_garden,online_big,reseller
Grace,Morgan,2018-02-26 16:11:50,home_decor,online_medium,manufacturer
Grace,Morgan,2018-06-05 21:47:22,home_office_furniture,online_medium,manufacturer
Grace,Morgan,2018-02-15 18:21:28,car_accessories,offline,reseller
Grace,Morgan,2018-02-02 11:25:23,home_decor,online_medium,reseller
Grace,Morgan,2018-01-12 13:49:28,health_beauty,online_small,manufacturer
Grace,Morgan,2018-02-16 18:51:56,small_appliances,online_big,reseller
Grace,Morgan,2018-01-22 17:11:43,household_utilities,industry,manufacturer
Grace,Morgan,2018-01-29 11:26:57,health_beauty,online_small,manufacturer
Grace,Morgan,2018-02-09 18:11:10,construction_tools_house_garden,online_beginner,reseller
Grace,Morgan,2018-01-18 20:02:48,construction_tools_house_garden,online_big,reseller
Grace,Morgan,2018-01-24 17:14:32,bed_bath_table,industry,manufacturer
Grace,Morgan,2018-04-18 19:01:21,jewerly,online_beginner,manufacturer
Grace,Morgan,2018-02-19 20:21:26,computers,industry,reseller
Grace,Morgan,2018-01-29 12:15:43,household_utilities,online_medium,reseller
Grace,Morgan,2018-02-22 13:28:41,food_drink,industry,manufacturer
Grace,Morgan,2018-01-23 18:30:32,party,offline,manufacturer
Grace,Morgan,2018-02-02 11:22:56,music_instruments,online_medium,reseller
Grace,Morgan,2018-01-30 17:39:30,health_beauty,online_small,reseller
Grace,Morgan,2018-01-19 02:00:00,bags_backpacks,online_small,reseller
Grace,Morgan,2018-01-24 11:33:32,computers,online_big,reseller
Grace,Morgan,2018-01-30 12:17:36,health_beauty,online_beginner,reseller
Grace,Morgan,2018-01-29 10:35:52,bags_backpacks,online_beginner,manufacturer
Grace,Morgan,2018-02-23 20:27:56,toys,offline,reseller
Grace,Morgan,2018-02-15 14:58:37,stationery,industry,manufacturer
Grace,Morgan,2018-01-25 15:03:55,home_decor,online_medium,reseller
Grace,Morgan,2018-02-07 19:54:19,health_beauty,industry,reseller
Grace,Morgan,2018-03-06 13:27:32,household_utilities,online_big,reseller
Grace,Morgan,2018-02-08 20:28:27,toys,online_small,reseller
Grace,Morgan,2018-02-06 16:11:05,home_decor,online_medium,reseller
Grace,Morgan,2018-03-12 16:40:42,bed_bath_table,online_beginner,reseller
Grace,Morgan,2018-04-06 12:13:08,car_accessories,offline,reseller
Grace,Morgan,2018-02-05 15:04:41,computers,online_beginner,reseller
Grace,Morgan,2018-06-12 18:59:26,health_beauty,online_big,reseller
Grace,Morgan,2018-02-21 14:54:47,household_utilities,industry,manufacturer
Grace,Morgan,2018-02-14 11:14:12,sports_leisure,offline,reseller
Grace,Morgan,2018-09-10 18:10:00,home_decor,online_big,manufacturer
Grace,Morgan,2018-06-21 12:21:33,audio_video_electronics,online_big,reseller
Grace,Morgan,2018-01-16 13:16:45,construction_tools_house_garden,online_beginner,reseller
Grace,Morgan,2018-03-13 18:53:47,food_supplement,online_small,reseller
Grace,Morgan,2018-01-19 13:12:10,home_decor,online_medium,reseller
Grace,Morgan,2018-04-26 19:36:13,handcrafted,offline,reseller
Grace,Morgan,2018-02-20 12:17:26,construction_tools_house_garden,industry,reseller
Grace,Morgan,2018-02-19 19:51:00,construction_tools_house_garden,industry,reseller
Aston,Morris,2018-01-17 13:51:03,food_drink,online_small,reseller
Aston,Morris,2018-02-07 13:57:02,bed_bath_table,offline,reseller
Aston,Morris,2018-02-08 17:20:14,watches,online_big,reseller
Aston,Morris,2018-02-16 12:31:56,fashion_accessories,online_beginner,manufacturer
Aston,Morris,2018-05-15 18:05:25,car_accessories,online_medium,reseller
Aston,Morris,2018-04-02 14:20:33,construction_tools_house_garden,offline,reseller
Aston,Morris,2018-02-26 12:45:46,car_accessories,online_medium,reseller
Aston,Morris,2018-02-22 21:07:50,home_decor,online_small,manufacturer
Aston,Morris,2018-01-31 21:00:13,food_drink,offline,reseller
Aston,Morris,2018-03-12 13:14:10,computers,offline,reseller
Aston,Morris,2018-01-22 13:18:32,home_office_furniture,industry,reseller
Aston,Morris,2018-03-28 18:55:26,household_utilities,industry,manufacturer
Aston,Morris,2018-04-30 20:24:05,food_supplement,offline,reseller
Aston,Morris,2018-04-19 22:00:40,pet,offline,reseller
Aston,Morris,2018-01-15 19:51:21,audio_video_electronics,online_small,reseller
Aston,Morris,2018-01-26 18:13:17,health_beauty,offline,reseller
Aston,Morris,2018-03-01 14:58:45,baby,online_big,reseller
Aston,Morris,2018-01-31 13:33:48,home_decor,online_medium,manufacturer
Aston,Morris,2018-01-12 18:25:57,music_instruments,online_small,reseller
Aston,Morris,2018-02-07 20:39:32,construction_tools_house_garden,online_big,manufacturer
Aston,Morris,2018-02-26 16:09:48,health_beauty,offline,manufacturer
Aston,Morris,2018-03-07 22:08:32,car_accessories,online_big,reseller
Aston,Morris,2018-03-12 21:20:49,health_beauty,online_medium,reseller
Aston,Morris,2018-01-23 12:41:16,home_decor,online_medium,reseller
Aston,Morris,2018-02-02 20:42:47,home_decor,online_medium,manufacturer
Aston,Morris,2018-05-08 17:18:41,construction_tools_house_garden,industry,manufacturer
Aston,Morris,2018-03-09 17:24:41,home_decor,online_medium,manufacturer
Aston,Morris,2018-03-07 17:11:48,watches,offline,reseller
Aston,Morris,2018-03-23 17:58:38,food_supplement,online_big,reseller
Aston,Morris,2018-02-07 18:11:05,health_beauty,online_medium,reseller
Aston,Morris,2018-03-01 12:22:46,pet,industry,reseller
Aston,Morris,2018-03-16 14:22:29,bags_backpacks,online_small,manufacturer
Aston,Morris,2018-03-29 12:34:47,gifts,offline,reseller
Aston,Morris,2018-04-30 21:48:02,audio_video_electronics,online_big,manufacturer
Aston,Morris,2018-01-23 11:33:43,health_beauty,offline,reseller
Aston,Morris,2018-02-27 17:13:23,audio_video_electronics,online_medium,reseller
Aston,Morris,2018-02-15 14:37:04,health_beauty,online_small,manufacturer
Aston,Morris,2018-08-20 21:05:48,computers,online_small,reseller
Aston,Morris,2018-03-16 14:14:20,car_accessories,online_medium,reseller
Aston,Morris,2018-03-07 19:04:28,fashion_accessories,online_small,manufacturer
Aston,Morris,2018-03-21 16:16:52,phone_mobile,industry,reseller
Aston,Morris,2018-04-09 18:22:46,home_decor,online_medium,manufacturer
Aston,Morris,2018-03-15 17:13:24,home_decor,online_medium,manufacturer
Aston,Morris,2018-02-08 17:10:00,small_appliances,online_medium,
Aston,Morris,2018-01-16 12:36:23,household_utilities,online_medium,manufacturer
Aston,Morris,2018-02-09 15:46:42,fashion_accessories,online_beginner,reseller
Aston,Morris,2018-03-06 13:29:10,food_supplement,offline,manufacturer
Aston,Morris,2018-03-22 13:14:56,household_utilities,online_medium,manufacturer
Aston,Morris,2018-02-05 18:10:27,pet,online_medium,reseller
Aston,Morris,2018-03-14 12:23:39,home_decor,offline,reseller
Aston,Morris,2018-01-12 12:23:31,air_conditioning,online_big,reseller
Aston,Morris,2018-02-19 21:08:55,computers,online_medium,reseller
Aston,Morris,2018-02-28 16:19:57,toys,online_medium,reseller
Aston,Morris,2018-01-31 16:40:54,bags_backpacks,online_medium,manufacturer
Aston,Morris,2017-12-14 11:30:13,health_beauty,online_small,manufacturer
Aston,Morris,2018-02-09 17:10:58,small_appliances,,reseller
Aston,Morris,2018-02-26 18:32:05,car_accessories,online_medium,reseller
Aston,Morris,2018-03-24 03:00:00,health_beauty,offline,manufacturer
Aston,Morris,2018-03-14 12:14:58,home_office_furniture,online_big,manufacturer
Aston,Morris,2018-02-28 18:22:11,baby,offline,reseller
Aston,Morris,2018-03-02 21:18:48,toys,online_medium,reseller
Aston,Morris,2018-03-14 20:07:27,food_supplement,online_medium,reseller
Aston,Morris,2018-03-28 16:16:34,health_beauty,industry,manufacturer
Aston,Morris,2018-04-20 18:13:06,car_accessories,industry,reseller
Aston,Morris,2018-02-09 15:37:08,health_beauty,offline,manufacturer
Aston,Morris,2018-03-14 14:24:23,household_utilities,industry,reseller
Aston,Morris,2018-04-06 16:43:28,car_accessories,industry,reseller
Aston,Morris,2018-01-15 18:05:41,fashion_accessories,online_top,manufacturer
Aston,Morris,2018-03-14 03:00:00,sports_leisure,online_medium,manufacturer
Aston,Morris,2018-02-06 20:18:28,food_supplement,offline,reseller
Aston,Morris,2018-01-08 02:00:00,audio_video_electronics,online_big,reseller
Aston,Morris,2018-03-26 14:03:55,bed_bath_table,online_beginner,reseller
Aston,Morris,2018-02-09 12:16:16,car_accessories,online_medium,manufacturer
Aston,Morris,2018-05-02 13:31:32,household_utilities,industry,manufacturer
Amber,Nelson,2018-08-21 21:07:30,health_beauty,online_medium,reseller
Amber,Nelson,2018-10-03 18:32:49,car_accessories,offline,reseller
Amber,Nelson,2018-08-24 11:54:08,construction_tools_house_garden,online_big,reseller
Naomi,Richards,2018-04-24 03:00:00,household_utilities,online_medium,manufacturer
Naomi,Richards,2018-05-11 19:03:19,home_decor,online_medium,manufacturer
Naomi,Richards,2018-07-19 18:06:07,small_appliances,online_medium,reseller
Naomi,Richards,2018-03-27 19:14:00,home_decor,offline,manufacturer
Naomi,Richards,2018-04-18 16:50:40,home_decor,online_big,manufacturer
Naomi,Richards,2018-03-23 19:06:54,construction_tools_house_garden,online_medium,reseller
Naomi,Richards,2018-05-18 18:08:22,small_appliances,online_big,reseller
Naomi,Richards,2018-08-03 17:41:00,home_office_furniture,online_medium,reseller
Naomi,Richards,2018-05-15 20:21:11,pet,online_small,reseller
Naomi,Richards,2018-05-10 19:16:27,audio_video_electronics,industry,manufacturer
Naomi,Richards,2018-05-02 17:57:01,health_beauty,online_big,reseller
Naomi,Richards,2018-09-03 19:15:53,household_utilities,online_big,reseller
Naomi,Richards,2018-04-09 17:28:44,phone_mobile,industry,reseller
Naomi,Richards,2018-05-08 12:18:42,small_appliances,online_big,reseller
Naomi,Richards,2018-07-11 14:58:50,home_decor,online_medium,manufacturer
Naomi,Richards,2018-04-03 18:29:19,pet,online_big,reseller
Naomi,Richards,2018-06-11 14:29:08,,industry,reseller
Naomi,Richards,2018-07-13 20:14:57,home_decor,offline,reseller
Naomi,Richards,2018-06-14 18:51:26,small_appliances,industry,manufacturer
Naomi,Richards,2018-07-03 12:26:43,bed_bath_table,online_medium,reseller
Naomi,Richards,2018-04-11 20:19:49,car_accessories,offline,reseller
Naomi,Richards,2018-10-03 12:28:55,household_utilities,online_small,manufacturer
Naomi,Richards,2018-06-13 16:37:42,construction_tools_house_garden,industry,reseller
Naomi,Richards,2018-03-28 16:09:52,toys,online_medium,reseller
Naomi,Richards,2018-04-27 12:40:32,pet,online_big,reseller
Naomi,Richards,2018-04-30 13:30:05,handcrafted,online_medium,
Naomi,Richards,2018-05-23 21:00:58,home_office_furniture,online_medium,reseller
Naomi,Richards,2018-04-18 20:19:00,home_office_furniture,offline,manufacturer
Naomi,Richards,2018-05-25 18:04:39,home_office_furniture,offline,reseller
Naomi,Richards,2018-04-25 17:19:34,household_utilities,online_medium,reseller
Naomi,Richards,2018-03-22 19:35:04,audio_video_electronics,online_medium,manufacturer
Naomi,Richards,2018-04-17 18:12:47,home_decor,online_medium,manufacturer
Naomi,Richards,2018-03-23 19:56:18,home_decor,online_small,manufacturer
Naomi,Richards,2018-05-25 15:00:14,health_beauty,online_medium,reseller
Naomi,Richards,2018-04-27 03:00:00,food_drink,offline,reseller
Naomi,Richards,2018-04-06 16:56:39,car_accessories,online_medium,reseller
Naomi,Richards,2018-03-26 20:54:23,bed_bath_table,online_medium,manufacturer
Naomi,Richards,2018-04-03 20:39:13,car_accessories,offline,reseller
Naomi,Richards,2018-07-10 15:57:10,watches,online_medium,reseller
Naomi,Richards,2018-03-26 20:42:32,health_beauty,online_big,reseller
Naomi,Richards,2018-05-18 19:32:40,health_beauty,online_medium,reseller
Naomi,Richards,2018-04-03 12:21:09,car_accessories,offline,reseller
Naomi,Richards,2018-03-23 19:52:00,health_beauty,offline,reseller
Naomi,Richards,2018-05-08 13:32:34,health_beauty,online_small,reseller
Naomi,Richards,2018-05-10 18:11:09,home_appliances,online_medium,reseller
Naomi,Richards,2018-04-23 16:16:57,household_utilities,industry,manufacturer
Naomi,Richards,2018-07-10 11:34:50,handcrafted,online_medium,reseller
Naomi,Richards,2018-04-18 20:05:55,audio_video_electronics,online_medium,reseller
Naomi,Richards,2018-05-15 20:22:41,computers,offline,reseller
Naomi,Richards,2018-04-13 16:21:23,health_beauty,industry,manufacturer
Naomi,Richards,2018-04-25 16:03:49,car_accessories,online_medium,reseller
Naomi,Richards,2018-05-17 03:00:00,household_utilities,industry,manufacturer
Naomi,Richards,2018-04-30 12:04:11,stationery,online_medium,manufacturer
Naomi,Richards,2018-03-20 20:23:26,car_accessories,online_medium,manufacturer
Naomi,Richards,2018-04-25 19:43:04,household_utilities,industry,manufacturer
Naomi,Richards,2018-04-27 14:01:59,household_utilities,online_big,reseller
Naomi,Richards,2018-03-28 18:50:57,computers,online_small,reseller
Naomi,Richards,2018-04-30 16:06:05,car_accessories,online_medium,reseller
Naomi,Richards,2018-04-10 12:30:33,phone_mobile,online_medium,reseller
Naomi,Richards,2018-05-14 18:06:33,food_supplement,online_medium,manufacturer
Naomi,Richards,2018-04-27 12:18:34,home_decor,online_medium,manufacturer
Naomi,Richards,2018-05-18 12:38:36,computers,industry,reseller
Naomi,Richards,2018-04-06 19:30:00,audio_video_electronics,online_medium,reseller
Naomi,Richards,2018-04-06 19:26:13,stationery,online_medium,reseller
Naomi,Richards,2018-05-16 19:51:05,health_beauty,online_big,reseller
Naomi,Richards,2018-06-07 21:23:45,food_supplement,online_small,reseller
Jacob,Stevens,2018-07-03 20:17:45,home_appliances,industry,manufacturer
Jacob,Stevens,2018-04-16 18:18:22,computers,online_medium,reseller
Jacob,Stevens,2018-06-14 14:30:20,toys,online_big,reseller
Jacob,Stevens,2018-04-06 20:52:54,household_utilities,industry,reseller
Jacob,Stevens,2018-07-04 15:07:27,food_supplement,online_small,reseller
Jacob,Stevens,2018-02-06 15:46:14,bed_bath_table,online_beginner,manufacturer
Jacob,Stevens,2018-04-11 03:00:00,home_decor,online_big,reseller
Jacob,Stevens,2018-03-29 17:48:42,car_accessories,online_medium,reseller
Jacob,Stevens,2018-04-27 13:35:00,home_decor,online_medium,manufacturer
Jacob,Stevens,2018-06-18 12:46:31,food_supplement,industry,manufacturer
Jacob,Stevens,2018-05-29 20:20:26,construction_tools_house_garden,online_big,manufacturer
Jacob,Stevens,2018-01-26 20:25:59,household_utilities,industry,reseller
Jacob,Stevens,2018-04-06 17:40:28,car_accessories,online_top,reseller
Jacob,Stevens,2018-07-12 21:14:21,car_accessories,online_big,reseller
Jacob,Stevens,2018-04-30 03:00:00,health_beauty,online_big,reseller
Jacob,Stevens,2018-02-01 12:33:15,books,online_medium,manufacturer
Jacob,Stevens,2018-06-06 17:50:28,health_beauty,online_medium,manufacturer
Jacob,Stevens,2018-02-26 17:07:06,air_conditioning,online_medium,reseller
Jacob,Stevens,2018-05-24 22:16:29,audio_video_electronics,online_beginner,reseller
Jacob,Stevens,2018-03-29 20:20:04,household_utilities,online_medium,reseller
Jacob,Stevens,2018-01-29 20:08:37,home_appliances,online_medium,reseller
Jacob,Stevens,2018-02-09 13:41:10,books,online_medium,reseller
Jacob,Stevens,2018-05-23 21:47:07,health_beauty,online_big,reseller
Jacob,Stevens,2018-04-20 13:24:51,music_instruments,online_medium,reseller
Jacob,Stevens,2018-03-12 18:24:50,books,industry,reseller
Jacob,Stevens,2018-04-04 21:17:17,household_utilities,online_medium,manufacturer
Jacob,Stevens,2018-06-20 12:24:10,computers,online_medium,reseller
Jacob,Stevens,2018-04-11 14:36:14,home_decor,online_big,manufacturer
Jacob,Stevens,2018-02-26 20:59:09,audio_video_electronics,online_big,reseller
Jacob,Stevens,2018-05-17 21:47:38,home_office_furniture,industry,manufacturer
Jacob,Stevens,2018-02-27 17:30:22,fashion_accessories,online_medium,reseller
Jacob,Stevens,2018-09-13 03:00:00,construction_tools_house_garden,industry,manufacturer
Jacob,Stevens,2018-02-05 18:36:39,fashion_accessories,online_small,reseller
Jacob,Stevens,2018-05-25 21:25:11,audio_video_electronics,online_medium,reseller
Jacob,Stevens,2018-03-28 19:05:44,audio_video_electronics,industry,reseller
Jacob,Stevens,2018-03-26 20:08:26,bags_backpacks,online_small,manufacturer
Jacob,Stevens,2018-06-19 19:54:25,household_utilities,online_medium,manufacturer
Jacob,Stevens,2018-08-20 13:15:36,construction_tools_house_garden,offline,reseller
Jacob,Stevens,2018-01-19 02:00:00,car_accessories,offline,reseller
Jacob,Stevens,2018-04-04 20:55:17,music_instruments,online_small,reseller
Jacob,Stevens,2018-06-26 17:13:29,health_beauty,industry,reseller
Jacob,Stevens,2018-03-27 03:00:00,computers,online_medium,reseller
Jacob,Stevens,2018-05-18 13:05:14,computers,online_top,reseller
Jacob,Stevens,2018-04-06 21:43:37,phone_mobile,online_medium,reseller
Jacob,Stevens,2018-05-11 19:21:23,car_accessories,online_medium,reseller
Jacob,Stevens,2018-05-10 17:13:16,car_accessories,online_medium,reseller
Jacob,Stevens,2018-04-30 17:43:10,health_beauty,online_medium,reseller
Jacob,Stevens,2018-05-24 20:25:11,bags_backpacks,online_medium,reseller
Jacob,Stevens,2018-02-21 12:30:22,audio_video_electronics,online_medium,reseller
Jacob,Stevens,2018-04-17 17:18:12,food_drink,online_medium,reseller
Jacob,Stevens,2018-06-04 18:53:50,construction_tools_house_garden,online_top,reseller
Jacob,Stevens,2018-03-09 14:18:20,audio_video_electronics,online_big,reseller
Jacob,Stevens,2018-04-09 18:58:34,home_decor,online_medium,manufacturer
Jacob,Stevens,2018-01-26 12:23:51,toys,online_medium,reseller
Jacob,Stevens,2018-06-08 19:09:46,air_conditioning,online_medium,reseller
Jacob,Stevens,2018-03-16 13:57:28,food_drink,online_medium,manufacturer
Jacob,Stevens,2018-04-30 20:58:34,food_supplement,industry,manufacturer
Jacob,Stevens,2018-06-05 13:34:52,home_decor,online_beginner,reseller
Jacob,Stevens,2018-06-15 14:04:52,home_decor,industry,manufacturer
Jacob,Stevens,2018-03-16 20:22:47,construction_tools_house_garden,online_medium,reseller
Jacob,Stevens,2018-05-21 14:06:49,toys,online_medium,reseller
Jacob,Stevens,2018-04-03 20:47:56,bed_bath_table,online_medium,reseller
Jacob,Stevens,2018-01-30 11:33:40,toys,online_medium,reseller
Jacob,Stevens,2018-01-24 15:19:49,construction_tools_house_garden,online_medium,reseller
Jacob,Stevens,2018-03-16 19:52:21,household_utilities,online_top,reseller
Jacob,Stevens,2018-04-30 19:28:30,construction_tools_house_garden,online_medium,reseller
Jacob,Stevens,2018-05-02 14:23:32,health_beauty,online_big,reseller
Jacob,Stevens,2018-05-11 17:24:16,audio_video_electronics,online_medium,reseller
Jacob,Stevens,2018-02-14 11:48:29,construction_tools_house_garden,online_big,reseller
Jacob,Stevens,2018-03-19 17:36:04,car_accessories,online_medium,reseller
Jacob,Stevens,2018-05-07 18:22:39,car_accessories,online_medium,reseller
Jacob,Stevens,2018-03-15 12:43:46,jewerly,industry,
Jacob,Stevens,2018-03-12 13:00:43,bags_backpacks,online_small,manufacturer
Jacob,Stevens,2018-07-09 03:00:00,sports_leisure,online_medium,
Jacob,Stevens,2018-05-11 17:09:22,small_appliances,online_medium,reseller
Jacob,Stevens,2018-02-08 17:29:13,phone_mobile,online_medium,reseller
Jacob,Stevens,2018-06-11 19:23:48,food_supplement,offline,reseller
Jacob,Stevens,2018-02-22 18:03:54,car_accessories,online_big,manufacturer
Jacob,Stevens,2018-02-05 20:03:48,phone_mobile,offline,reseller
Jacob,Stevens,2018-03-27 03:00:00,pet,online_medium,reseller
Jacob,Stevens,2018-04-30 14:27:15,home_decor,industry,manufacturer
Jacob,Stevens,2018-02-07 11:14:36,home_decor,online_medium,reseller
Jacob,Stevens,2018-03-29 17:05:39,household_utilities,online_medium,manufacturer
Jacob,Stevens,2018-03-09 13:45:50,phone_mobile,online_big,reseller
Jacob,Stevens,2018-02-15 12:24:37,food_drink,online_small,reseller
Jacob,Stevens,2018-03-01 19:48:16,household_utilities,online_small,reseller
Jacob,Stevens,2018-04-27 12:39:38,computers,online_medium,reseller
Jacob,Stevens,2018-04-13 21:53:17,home_decor,online_small,manufacturer
Jacob,Stevens,2018-03-02 16:20:21,sports_leisure,online_medium,reseller
Jacob,Stevens,2018-04-05 14:44:21,bags_backpacks,online_medium,manufacturer
Jacob,Stevens,2018-06-14 15:43:46,audio_video_electronics,online_beginner,reseller
Jacob,Stevens,2018-02-27 20:53:04,bags_backpacks,online_medium,reseller
Jacob,Stevens,2018-05-30 16:07:26,baby,online_medium,reseller
Jacob,Stevens,2018-04-04 18:53:19,home_decor,online_big,manufacturer
Jacob,Stevens,2018-03-06 18:49:03,computers,online_medium,reseller
Jacob,Stevens,2018-04-25 19:19:08,car_accessories,industry,manufacturer
Jacob,Stevens,2018-04-13 11:56:52,health_beauty,offline,reseller
Jacob,Stevens,2018-04-11 19:00:03,home_decor,offline,reseller
Jacob,Stevens,2018-03-19 12:41:03,household_utilities,online_medium,reseller
Jacob,Stevens,2018-05-10 19:26:38,games_consoles,online_big,reseller
Jacob,Stevens,2018-03-28 21:22:04,home_decor,industry,manufacturer
Jacob,Stevens,2018-06-07 13:30:28,household_utilities,online_medium,reseller
Jacob,Stevens,2018-05-14 19:57:48,small_appliances,industry,manufacturer
Jacob,Stevens,2018-04-16 14:49:40,bed_bath_table,online_big,manufacturer
Jacob,Stevens,2018-03-16 16:20:55,construction_tools_house_garden,online_big,reseller
Jacob,Stevens,2018-02-23 11:40:05,party,offline,manufacturer
Jacob,Stevens,2018-04-12 03:00:00,construction_tools_house_garden,online_medium,reseller
Jacob,Stevens,2018-02-16 11:56:46,audio_video_electronics,online_medium,reseller
Jacob,Stevens,2018-01-22 02:00:00,construction_tools_house_garden,online_medium,reseller
Jacob,Stevens,2018-03-19 20:39:25,construction_tools_house_garden,online_medium,manufacturer
Jacob,Stevens,2018-03-27 19:15:09,household_utilities,online_big,reseller
Jacob,Stevens,2018-04-18 12:45:01,health_beauty,online_medium,reseller
Jacob,Stevens,2018-02-22 21:25:08,household_utilities,online_medium,reseller
Jacob,Stevens,2018-04-10 19:08:35,watches,offline,reseller
Jacob,Stevens,2018-04-10 14:43:06,health_beauty,online_medium,reseller
Jacob,Stevens,2018-01-15 13:08:11,home_decor,online_beginner,manufacturer
Jacob,Stevens,2018-03-02 12:58:05,car_accessories,online_medium,reseller
Jacob,Stevens,2018-02-08 13:10:58,household_utilities,online_medium,reseller
Jacob,Stevens,2018-05-07 16:18:52,construction_tools_house_garden,online_big,manufacturer
Jacob,Stevens,2018-03-20 17:30:41,pet,industry,manufacturer
Jacob,Stevens,2018-03-07 14:58:07,food_drink,industry,manufacturer
Jacob,Stevens,2018-05-09 14:24:56,household_utilities,online_medium,manufacturer
Jacob,Stevens,2018-04-12 13:58:09,bags_backpacks,online_beginner,reseller
Jacob,Stevens,2018-02-15 11:24:52,computers,industry,reseller
Jacob,Stevens,2018-08-14 14:48:04,home_decor,industry,manufacturer
Jacob,Stevens,2018-04-30 18:57:37,audio_video_electronics,online_big,reseller
Jacob,Stevens,2018-03-14 17:18:59,health_beauty,online_medium,reseller
Jacob,Stevens,2018-01-22 02:00:00,health_beauty,online_big,reseller
Jacob,Stevens,2018-04-30 21:29:27,home_decor,online_medium,reseller
Jacob,Stevens,2018-02-27 17:39:50,household_utilities,online_big,manufacturer
Jacob,Stevens,2018-04-10 17:23:25,sports_leisure,online_medium,reseller
Jacob,Stevens,2018-05-17 18:11:29,audio_video_electronics,online_big,reseller
Jacob,Stevens,2018-05-25 17:32:40,baby,online_beginner,manufacturer
Jacob,Stevens,2018-01-26 16:27:17,food_supplement,online_medium,reseller
Jacob,Stevens,2018-06-04 00:00:00,bed_bath_table,industry,manufacturer
Jacob,Stevens,2018-05-18 20:02:04,construction_tools_house_garden,online_small,reseller
Jacob,Stevens,2018-05-29 18:53:31,health_beauty,online_medium,reseller
Jacob,Stevens,2018-04-05 16:29:23,bags_backpacks,offline,reseller
Jacob,Stevens,2018-02-21 13:27:48,phone_mobile,online_big,reseller
Jacob,Stevens,2018-04-04 20:33:19,audio_video_electronics,online_medium,reseller
Reid,Thomas,2018-08-21 12:30:34,computers,online_medium,reseller
Reid,Thomas,2018-09-27 17:36:04,bed_bath_table,online_medium,reseller
Reid,Thomas,2018-09-06 16:31:09,construction_tools_house_garden,offline,reseller
James,Turner,2018-01-10 18:15:06,baby,online_small,reseller
James,Turner,2018-04-05 13:18:02,home_decor,online_medium,manufacturer
James,Turner,2017-12-11 18:07:26,food_supplement,industry,manufacturer
